author id,created_at,geo,id,lang,like_count,quote_count,reply_count,retweet_count,source,tweet
1.28E+18,2022-01-16 23:59:55+00:00, ,1.48E+18,en,0,0,0,17,Twitter for iPhone,"RT @SpiesVespers: IT'S TIME FOR STRANGE SPY FACTS! DEZINFORMATSIYA AND PROPAGANDA EDITION! 
The 1st English translation of Protocol of Eldeâ€¦"
1.26E+18,2022-01-16 23:59:36+00:00, ,1.48E+18,en,0,0,0,1214,Twitter for iPhone,"RT @SeffSaid: ""Iâ€™m old school. I believe in having good manners, respecting my elders and helping others when I can."" - Unknown"
8.07E+17,2022-01-16 23:59:31+00:00, ,1.48E+18,en,0,0,0,112,Twitter for iPhone,RT @EthernalElves: SeNTinels finally step foot in the Elders Sanctum.  Ethereal reverbs used to echo throughout the Sanctum now filled withâ€¦
18653101,2022-01-16 23:59:22+00:00, ,1.48E+18,en,1,0,1,0,Twitter for iPhone,@DecentFilms Is this review another complaint about kids being right and elders being wrong? If soâ€¦please donâ€™t. ğŸ˜•
1.30E+18,2022-01-16 23:59:06+00:00, ,1.48E+18,nl,1,0,1,0,Twitter Web App,"@revisser @JoostNiemoller Het probleem zit hem niet in de kleine partijtjes, maar juist in regeringspartijen met hun ""functie elders"", en het gelieg en gedraai daarna. Die daarna elkaar ook nog gaan uitsluiten om elkaar daarna na heel veel gezeik en theater weer in de armen te vallen."
1.25E+18,2022-01-16 23:59:01+00:00, ,1.48E+18,en,0,0,0,3996,Twitter for iPhone,"RT @Ebonyteach: Dr. King was only 39 when he was killed. All of Gen X would've been born before he turned 50... all of the Millennials, befâ€¦"
2180708023,2022-01-16 23:58:54+00:00, ,1.48E+18,en,0,0,0,126,Twitter for Android,RT @romeofiji: I was here yesterday. And through that inlet entering the village we saw ripples of water coming and rushing in. Occurred 3â€¦
1.47E+18,2022-01-16 23:58:29+00:00, ,1.48E+18,en,0,0,0,1214,Twitter for iPhone,"RT @SeffSaid: ""Iâ€™m old school. I believe in having good manners, respecting my elders and helping others when I can."" - Unknown"
1.08E+18,2022-01-16 23:58:21+00:00, ,1.48E+18,en,3,0,1,0,Twitter for iPhone,"@IAmOroro Theyâ€™re just contrarians. Outsmarting themselves by being superâœŒğŸ¾deep thinkersâœŒğŸ¾.  Goofies believe all the black elders that got them to this point of freedom were fools. 

They have no clue how those civil rights giants strategized. They were brilliant people."
1.34E+18,2022-01-16 23:57:56+00:00, ,1.48E+18,en,0,0,0,1214,Twitter for Android,"RT @SeffSaid: ""Iâ€™m old school. I believe in having good manners, respecting my elders and helping others when I can."" - Unknown"
1.48E+18,2022-01-16 23:57:48+00:00, ,1.48E+18,en,0,1,0,0,Twitter Web App,"ã€Si, That's why it's better to talk to elders or your parents to find out what that word or thing is.ã€ https://t.co/XaUE4WhyWU"
1.30E+18,2022-01-16 23:57:35+00:00, ,1.48E+18,en,0,0,0,3996,Twitter for iPhone,"RT @Ebonyteach: Dr. King was only 39 when he was killed. All of Gen X would've been born before he turned 50... all of the Millennials, befâ€¦"
15943336,2022-01-16 23:57:32+00:00, ,1.48E+18,en,5,0,1,0,Twitter for Android,@BinghamBg @squirre72213852 @Quin4Trump @porfie_moreno @DorisMele @DarrellBuckne13 @keepitwilder @TinaTweeker @Kimberl47031679 @ISafeyet @jen95873143 @kcinor @Lynn95394989 @kithercbaby @MarvinRJeffcoat @S51781902 @Cavitation19 @tnolwene @Wahboom @nicher66 @yvonnecar20 @TheChicoSuave1 @Amerihesion @TrumperList @NoBulls55224206 @TyroneWJackson @Francine20171 @Alice_GhostP @AdorablePups5 @NoMoreBlue1 @SchweizerZeke @angry_mema @SlaterBrowne @Noel82002324 @Gloriaoldsurfer @Michel78118339 @sgabig @truthsearch1957 @ButchOrNile @B26Rick @thedude77 @FlownOverGuy @Una_Alta_Volta @StillFreeSCOTTY @MarilynLavala @Tee2019K @patriot_roll @TheRebeluniter @GinnGamer @Ecomemory1 Conservatives respect elders
16686075,2022-01-16 23:57:28+00:00, ,1.48E+18,en,0,0,0,3996,Twitter Web App,"RT @Ebonyteach: Dr. King was only 39 when he was killed. All of Gen X would've been born before he turned 50... all of the Millennials, befâ€¦"
1.25E+18,2022-01-16 23:57:26+00:00, ,1.48E+18,en,0,0,0,2,Twitter for Android,RT @Josieamycashman: @BabsMcHugh &amp; her ABC mob continue to act with impunity like they've got a moral revulsion for elders &amp; the facts. Sheâ€¦
22309484,2022-01-27 23:59:59+00:00, ,1.49E+18,en,0,0,0,10,Twitter for iPhone,RT @greatestdisease: every time the queer elder discourse comes around i have to watch this video 50 times to heal https://t.co/nTx5lf7iv3
1.27E+18,2022-01-27 23:59:59+00:00, ,1.49E+18,en,0,0,0,28055,Twitter for iPhone,RT @disclosetv: JUST IN - Sweden has decided against recommending #COVID19 vaccines for kids aged 5 to 11. The benefits do not outweigh theâ€¦
1.26E+18,2022-01-27 23:59:59+00:00, ,1.49E+18,es,0,0,0,2690,Twitter for iPhone,"RT @doctorgaona: Suecia decide no recomendar las vacunas COVID a niÃ±os entre 5-12 aÃ±os debido al inadecuado ""riesgo-beneficio""
https://t.coâ€¦"
24815642,2022-01-27 23:59:58+00:00, ,1.49E+18,en,0,0,0,1691,Twitter for Android,"RT @MarquardtA: A Russian invasion is now virtually certain once the ground freezes, Biden said to Zelensky, a senior Ukrainian official toâ€¦"
1.45E+18,2022-01-27 23:59:58+00:00, ,1.49E+18,fr,0,0,0,1481,Twitter for Android,"RT @CaudeHenrion: ğŸ”•N'ATTENDEZ PAS (comme Ã  chaque fois qu'un pays nordique suspend un vaccin) 
â›”ï¸ARRÃŠTEZ L'INJECTION DES 5-12 ANS SANS ATTEâ€¦"
198296897,2022-01-27 23:59:58+00:00, ,1.49E+18,en,0,0,0,246,Twitter Web App,"RT @MikeCarlton01: Itâ€™s a contemptuous insult, isnâ€™t it.  A slap in the face and a kick in the teeth to Australians in aged careâ€¦and theirâ€¦"
2563846920,2022-01-27 23:59:58+00:00, ,1.49E+18,en,0,0,0,73,Twitter Web App,"RT @iamrodneysmith: Meet Jonathan. 4/50 recipient of our 50 mower give away for kids to mow 50 free lawns for the elderly, disabled, singleâ€¦"
1.35E+18,2022-01-27 23:59:58+00:00, ,1.49E+18,fr,0,0,0,1855,Twitter for Android,"RT @Carene1984: ğŸš¨Parents lisez bien cette information :
La SuÃ¨de a dÃ©cidÃ© de ne pas recommander les vaccins #COVID19 pour les enfants Ã¢gÃ©sâ€¦"
1.41E+18,2022-01-27 23:59:58+00:00, ,1.49E+18,en,0,0,0,28055,Twitter for Android,RT @disclosetv: JUST IN - Sweden has decided against recommending #COVID19 vaccines for kids aged 5 to 11. The benefits do not outweigh theâ€¦
49220743,2022-01-27 23:59:58+00:00, ,1.49E+18,en,0,0,0,1691,Twitter for Android,"RT @MarquardtA: A Russian invasion is now virtually certain once the ground freezes, Biden said to Zelensky, a senior Ukrainian official toâ€¦"
289329914,2022-01-27 23:59:57+00:00, ,1.49E+18,en,0,0,0,12,Twitter for Android,"RT @EvilHatOfficial: This month, everything Fate is 20% off on @roll20app! 
That includes the six newly-released modules for Fate of Cthulhâ€¦"
2730969976,2022-01-27 23:59:57+00:00, ,1.49E+18,en,0,0,0,10,Twitter for iPhone,"RT @Rick_Sports10: Missouri State senior Jaylen Minnett always had the spotlight while at Terre Haute South, but he said he always knew hisâ€¦"
309302492,2022-01-27 23:59:57+00:00, ,1.49E+18,en,3,0,3,0,Twitter for iPhone,@Andrew__Elder @blmcguire1 @ElitistTrading The pandemic is killing people en masse
17605141,2022-01-27 23:59:57+00:00, ,1.49E+18,en,7,0,2,1,Twitter for iPhone,"Working in Odeon in Belfast with allocated seating and I asked a middle aged couple where they would like to sit and he said â€œput us up the back so I can slip her some timberâ€
It was for The Kingâ€™s Speech. https://t.co/shmMEVQtVW"
2721519720,2022-01-27 23:59:56+00:00, ,1.49E+18,en,0,0,0,28055,Twitter for Android,RT @disclosetv: JUST IN - Sweden has decided against recommending #COVID19 vaccines for kids aged 5 to 11. The benefits do not outweigh theâ€¦
792869570,2022-01-27 23:59:55+00:00, ,1.49E+18,en,0,0,0,0,Twitter for Android,@2021_nurse @RBReich Oh no! MAGAts are terrified by a five foot tall elderly Jewish man?  You think projection is your super power.  Wrong.  You are all bullies and cowards.  I support your right to reject vaccines and science.  Let's go Darwin!!!
1737185977,2022-01-27 23:59:55+00:00, ,1.49E+18,en,0,0,0,3,Twitter for iPhone,RT @MrsDKaszuba: Our @OTBowling senior nightâ€”so great to see both boys and girls teams in action! Good luck with States next week! https://â€¦
1.25E+18,2022-01-27 23:59:55+00:00, ,1.49E+18,en,1,0,0,1,Twitter Web App,"@chrischirp @independentsage will the scientists resign from their postions.  They have failed, over reported &amp; caused numerous unreported harm to children, adults &amp;elderly for a virus which causes less than flu deaths &amp; have caused economic failures stress to the #UK economy. SACK THEM !!"
414373379,2022-01-27 23:59:54+00:00, ,1.49E+18,en,0,0,0,3,Twitter for Android,RT @PontypriddFC: Congratulations to Club Captain Keiron Cook who made his 50th senior appearance for the club in yesterdayâ€™s match againstâ€¦
29388909,2022-01-27 23:59:54+00:00, ,1.49E+18,en,0,0,0,1691,Twitter for Android,"RT @MarquardtA: A Russian invasion is now virtually certain once the ground freezes, Biden said to Zelensky, a senior Ukrainian official toâ€¦"
1.04223E+18,2022-02-01 23:59:51+00:00, ,1.48866E+18,en,1,1,0,0,Twitter Web App,"@Elder_NFT I also need more #ETH
So we have related needs ğŸ™‚

To celebrate the Lunar new year of the Tiger, all items in my collection are in a crazy sale!
So crazy even I got crazy by it !!

Take a look !

https://t.co/Yg3hc5hQCc"
1.46552E+18,2022-02-01 23:59:34+00:00, ,1.48866E+18,en,0,0,1,0,Twitter for Android,"@GingerTee1 Mary is one Rude,Mean,Ignorant,Conceded, Self Indulgent,Self-Oborbed, Narcissistic,Cruel little girl who Verbally Abuses the elderly who's a Fraud and a Racist! So who needs to talk about her Cult to not give a $hit! But Poor Mary tho  right? LMAOğŸ¤£ https://t.co/D22SjXjY3Y"
16711445,2022-02-01 23:59:32+00:00, ,1.48866E+18,en,0,0,1,0,Twitter for Android,"@pfitzart The alternative is caring humans trained to create happiness for the elderly. 

I have heard of too many elder abuse cases to accept uncaring humans. AI would be a great help. They'd be spying all the time. Protecting those unable to call for help."
3005952009,2022-02-01 23:59:11+00:00, ,1.48866E+18,en,3,0,2,0,Twitter for iPhone,"@Ed_Randgad @CCCeceliaaa @jasondebolt Shhhhâ€¦ donâ€™t tell that to Jason. ğŸ˜‚ 

But thatâ€™s how itâ€™s supposed to be where elderly gives money to younger gen in exchange for for Happy New Year wishes. But itâ€™s all good. Now Jasonâ€™s future mother-in-law and grandma can expect more cash every Chinese New Year! ğŸ¤£ ğŸ¤£ ğŸ¤£"
7.25796E+17,2022-02-01 23:59:09+00:00, ,1.48866E+18,en,0,0,0,0,Hootsuite Inc.,"The United Youth Group, part of the UNIDAD Coalition, is collecting Kindness notes for the Elderly community Members until February 13. ğŸ’Œ
Notes can be dropped off at:
Behavioral Health Solutions 
5510 N. Cage Blvd.
Pharr, TX 78577
Monday - Thursday
8:00am - 6:00pm. https://t.co/Obsu32FtUE"
7.06782E+17,2022-02-01 23:58:46+00:00, ,1.48866E+18,en,0,0,0,0,Twitter Web App,"@Travis_in_Flint Ideally, I'd want an unabashed Christian who adheres and believes the Bible 100%. But besides those two guys, it seems like Larry Elder would be great."
1.36645E+18,2022-02-01 23:58:29+00:00, ,1.48866E+18,en,1,0,0,1,Twitter for Android,"@Elder_NFT I'm pediatric nurse, I create NFT with sick children ğŸ¥° ğŸµ  
10% of all profits will be donate to children 
Just for 0.01 eth â¤ï¸   

https://t.co/sPgJ3jtbAM"
1.41547E+18,2022-02-01 23:58:23+00:00, ,1.48866E+18,en,0,0,0,0,Twitter Web App,"@morganfreemanHD Youths/Kids are &amp; will be no more Youth; they are forced to move from ""childhood"" to directly ""elderly agedhood"" due to over-working hours, hostile conditions, policies and work environments."
8.81656E+17,2022-02-01 23:58:13+00:00, ,1.48866E+18,en,1,0,0,0,Twitter for iPad,@DropsOJupiter7 @JerasIkehorn That is the biggest fear of most people and such a disgrace that we are all one catastrophe from losing our homes.  Then the worry of where to live when children are not close when you are elderly.
1.47256E+18,2022-02-01 23:58:08+00:00, ,1.48866E+18,en,0,0,0,0,Twitter for iPhone,"@JimConforti @comrade_unicorn @chiara_ann13 That is what they meant with â€˜herd immunityâ€™. Same that we have for Influenza. Every few years we have a bad year, but unless youâ€™re a new mum or elderly, youâ€™re most likely not going to die from the flu"
1.42119E+18,2022-02-01 23:57:45+00:00, ,1.48866E+18,en,1,0,0,0,Twitter Web App,"Great thread. Thabk you very much for summarizing so many articles in the same place.

The abuse against the young and the elderly is unforgivable

#endmandatesnow https://t.co/BMnO7JG1M1"
2835473557,2022-02-01 23:57:44+00:00, ,1.48866E+18,en,0,0,0,0,Twitter for iPhone,@whey_noe @Boltz_4_Life @KariLake God. I hope not. My elderly parents and I would either end up hospitalized or dead. ğŸ˜¥
131036832,2022-02-01 23:57:37+00:00, ,1.48866E+18,en,2,0,1,0,Twitter for Android,"@txchristabelle Yes, we do, darling... most of my neighbors over here in Lake Higlands are elderly â¤"
714861630,2022-02-01 23:57:31+00:00, ,1.48866E+18,en,0,0,0,0,SOCi ,"Staying heart healthy for seniors is similar to individuals of any age who
want keep their heart in shape. This blog post will outline three ways to help
older adults stay heart healthy.
https://t.co/6RpUbrU1ck https://t.co/q9D5Wu8EEe"
267872975,2022-02-01 23:57:31+00:00, ,1.48866E+18,en,1,0,1,0,Twitter Web App,@PCRosieFinnis @JohnWest_JAWS i have no tv but am assured by intelligent elderly couple i work for that The Responer with Martin Freeman is utterly brilliant.
1.43284E+18,2022-02-01 23:57:26+00:00, ,1.48866E+18,en,1,0,0,0,Twitter for iPhone,@FieryRedhead8 He does and itâ€™s elder abuse!
95340526,2022-02-01 23:57:22+00:00, ,1.48866E+18,en,340,2,28,127,Twitter for Android,"Morrison now justifying the deaths of elderly - giving stats on how many were in palliative care. He completely DEFLECTED from the question on why only 10% of the elderly have had their booster ğŸ˜ 
#CallTheElectionDickhead"
14463244,2022-02-01 23:57:22+00:00, ,1.48866E+18,en,2,0,0,0,Twitter Web App,"@ellle_em it's definitely not, and especially if this was an elder relative who was maternal over the GF

Did reddit just assume that she was cheating and tell him to drop her?"
1.26901E+18,2022-02-01 23:57:09+00:00, ,1.48866E+18,en,0,0,0,0,Twitter for Android,"@stvewan Our so-called care sector can't even care properly for the elderly, sick and disabled so what chance do kids have? Care needs to be improved for all groups, across the board and DWP dumping unemployed women into caring jobs just to get them a job won't help."
1.16178E+18,2022-02-01 23:56:53+00:00, ,1.48866E+18,en,11,0,0,0,Twitter for iPhone,It was nice seeing this gorgeous rainbow on my way home &amp; then receiving word that we are going to have a snow day tomorrow. Bundle up and remember to check on your loved ones especially the elderly. https://t.co/k206NMo6rk
2443585979,2022-02-01 23:56:49+00:00, ,1.48866E+18,en,0,0,0,0,Twitter for iPhone,You know everything donâ€™t have to be verified by the internet and some just donâ€™t get it promote yâ€™all business outside of the media and watch you get the same love elderly people are your best customers mark my words
890179848,2022-02-01 23:56:41+00:00, ,1.48866E+18,en,0,0,0,0,Twitter for iPhone,"@JaniePotts7575 My younger son had Black History activities every February. He was born in 2005. But older son, born in 1987 did not. I was born in 1964 and never heard of it celebrated in schools. I live in the PNW. Redlining kept out towns segregated. I was an adult before I met anyone Black."
863491279,2022-02-01 23:56:41+00:00, ,1.48866E+18,en,2,0,0,1,Twitter Web App,"Missouri Voters, the elderly, Nursing Homes, 
Caregivers, Care Takers, Church, Voice Life, https://t.co/kbvbDZkxfo"
1.45612E+18,2022-02-01 23:56:39+00:00, ,1.48866E+18,en,0,0,0,0,Twitter Web App,@JMKIII58 @larryelder Uncle Larry Elder is more like Uncle Tom Elder.ğŸ¤¢
1.4834E+18,2022-02-01 23:56:30+00:00, ,1.48866E+18,en,0,0,0,0,Twitter for iPhone,"@Jagwitch I ordered for an anciently elderly friend the same moment I ordered mine. Mine arrived, hers havenâ€™t, and she bugs me every. damn. day. about it. Chill out. Theyâ€™ll arrive."
9.71899E+17,2022-02-01 23:56:30+00:00, ,1.48866E+18,en,0,0,0,0,Twitter for iPhone,Is it not enough that we are poisoning our young and elderly adults? Why would they need the EUA classification for a part of our society who has almost ZERO risk????? https://t.co/mBkmhioVYw
1.48863E+18,2022-02-01 23:56:28+00:00, ,1.48866E+18,en,1,0,1,0,Twitter for Android,"@KiiNGEGGERS @Breaking911 They should aim at elderly people if they really meant what they said but forcing all people regrading a medical issue by something that isn't confirmed effective with the virus, moreover some people died because of it, I don't see any wisdom here."
106300761,2022-02-01 23:56:12+00:00, ,1.48866E+18,en,0,0,0,0,Twitter Web App,"The elderly people of the small town of Coutt`s Alberta deserve better respect from the truckers, https://t.co/wixp7PL42w"
1697677172,2022-02-01 23:56:03+00:00, ,1.48866E+18,en,0,0,0,0,Twitter for iPhone,"When I see old ladies and men in my support group or the psych ward I get so sad. People forget about them, about the high rate of poverty and depression/loneliness in our elderly population. For a lot of ppl, our mental health struggles donâ€™t suddenly disappear as we age."
1.43274E+18,2022-02-01 23:55:59+00:00, ,1.48866E+18,en,0,0,0,0,Twitter for iPhone,@ThatAbakwaGirl @Cedric_Akiums His elder brother is the total opposite
1.45891E+18,2022-02-01 23:55:59+00:00, ,1.48866E+18,en,0,0,0,0,"Cheap Bots, Done Quick!",A photo: An elderly embalmer led Carl out of the cemetery by the hand while Carl looked back at the gravestone behind him.
1.02032E+18,2022-02-01 23:55:59+00:00, ,1.48866E+18,en,0,0,0,0,Twitter for iPhone,@agusnox Private public partnerships benefit liars bc the govt shuns adversity and will not enforce its rights unless forced to politically. Otherwise (like the elderly person who falls for Nigerian prince scam) they cover it up and hope no one notices.
3398870566,2022-02-01 23:55:55+00:00, ,1.48866E+18,en,0,0,0,0,Twitter Web App,"@srah_jan111 Why do they keep saying the youngest are most at risk? I thought the risk increased according to age, with the elderly being at greatest risk. If this is correct, then there is some other reason for jabbing the young."
391039770,2022-02-01 23:55:52+00:00, ,1.48866E+18,en,0,0,0,0,Twitter Web App,@LauraMiers Melatonin can also help suppress the immune system and has shown some benefit for Long Covid; Don't mix it with any class-1 antihistamine unless under Dr's guidance as it can cause confusion and drowsiness (especially in the elderly)
454522466,2022-02-01 23:55:50+00:00, ,1.48866E+18,en,1,0,0,0,Twitter for iPhone,"Happy #LunarNewYear ! ğŸ† 

Iâ€™m celebrating by enjoying the vibrant fashions of these seniors. 

@voguemagazine This is top street style!

https://t.co/yERkpwlBKO"
575336171,2022-02-01 23:55:50+00:00, ,1.48866E+18,en,0,0,0,0,Twitter for iPhone,Every life saved the ss that get thru this war of the minds @Wil_Anderson @JaneCaro @SenatorThorpe @SciNate kids elders blah blah fast than Germany etc
3249260534,2022-02-01 23:55:39+00:00, ,1.48866E+18,en,2,0,0,0,Twitter Web App,"@680CJOB Welcome to the new normal.  Decrease life spans,  permanent heart and brain damage,  ongoing reinfections.    No supports for long-term disability.  The abandonment of our elders and our disadvantaged.    If you die you are unimportant.   If you can't work you are useless."
237119773,2022-02-01 23:55:38+00:00, ,1.48866E+18,en,115,0,3,0,Twitter for iPhone,"@NBedera Like many people in your comments I was irked by those Daily episodes. The 1st episode didnâ€™t once consider that vaxxed and boosted low risk folks are being continually cautious b/c they are in community w/ elders, folks w/ disabilities &amp; others who they care about protecting."
9.15027E+17,2022-02-01 23:55:35+00:00, ,1.48866E+18,en,24,0,4,0,Twitter for Android,"I decided to clean the gutters again, since my go-to guy got up &amp; left. It really takes a mind set of not thinking about the height and/or falling while on that aluminum extension ladder. I cleaned the exterior sky light, also. See..elders can do this. https://t.co/3fcRR9wzcB"
1.16073E+18,2022-02-01 23:55:31+00:00, ,1.48866E+18,en,7,0,0,0,Twitter for iPhone,But letâ€™s not forget people #watchtower and Jehovahâ€™s Witnesses continually hide the exploitation of children and allow for repeat sex offenders to be elders and ministerial servants and is a disgusting cult that we all should continue to stay the fuck away from
1.40117E+18,2022-02-01 23:55:28+00:00, ,1.48866E+18,en,3,0,0,0,Twitter for Android,My first Elder Scrolls game was Skyrim
8.01865E+17,2022-02-01 23:55:26+00:00, ,1.48866E+18,en,0,0,0,0,Twitter Web App,Elder Scrolls  Online 2021 https://t.co/UWrC9uPQlh via @YouTube
1.45274E+18,2022-02-01 23:55:15+00:00, ,1.48866E+18,en,0,0,0,0,Twitter for Android,"@FreddyInSpace Lol @ these ""snowflakes"" who refuse to wear a mask and like to argue with elderly women whom of which have no prob at all wearing a mask.....donald chump has caused more damage than we know"
1.16599E+18,2022-02-01 23:55:04+00:00, ,1.48866E+18,en,1,1,0,0,Twitter for Android,*&amp; one of the elders said to me!*â€œWeep no more!*behold!*the Lion of the tribe of Judah!*the Root of David!*has conquered!*so that he can open the scroll*&amp; its seven seals!â€ğŸ‘‘â™¥ğŸ‘‘â™¥ğŸ‘‘â™¥ğŸ‘‘â™¥ğŸ‘‘â™¥ğŸ‘‘*Revelation 5:5*ğŸ§ğŸ¬ğŸ¦‰ğŸ’ƒğŸ½ğŸ•ğŸ¦ğŸ•ºğŸˆğŸ„ğŸ’–ğŸªğŸâœ¨ğŸ‘‰â¡ https://t.co/ioiqGHGo42 https://t.co/4AI6ES82EY
1.40117E+18,2022-02-01 23:55:03+00:00, ,1.48866E+18,en,7,0,7,1,Twitter for Android,What Was your first Elder Scrolls game
9.14756E+17,2022-02-01 23:54:57+00:00, ,1.48866E+18,en,0,0,1,0,Twitter for Android,"@RandySoulWatson @JustinLascek Wife's a nurse, and she say's it's high risk people (fat, diabetic, autoimmune diseases, cancer patients, elderly) that go in for covid, and to everyone else, it is the flu... âœŒâœŒ"
8.81671E+17,2022-02-01 23:54:52+00:00, ,1.48866E+18,en,3,0,0,0,Twitter for iPad,"@OMGTheMess Albo will follow the other State clowns in locking down the country &amp; discriminating against healthy unvaccinated people that will not sacrifice themselves for the unhealthy

How many dead vaccinated children will it take to save one elderly sick person?

No risk/benefit analysis"
1.41977E+18,2022-02-01 23:54:50+00:00, ,1.48866E+18,en,1,0,0,0,Twitter for Android,@ANeonGreenCity yo they already stole the land now they gotta steal our Elders drums? come the fuck on settlers
1.11341E+18,2022-02-01 23:54:36+00:00, ,1.48866E+18,en,0,0,0,0,Twitter for iPhone,"@Elder_NFT @CryptoBees_NFT ğŸğŸªğŸ’›

Floor Price: 0.0015â­ï¸ğŸ™ŒğŸ¼
Grab one, before its availableğŸ

https://t.co/q7nWYmJpa7

#nft https://t.co/CQsQCHET0R"
16188864,2022-02-01 23:54:15+00:00, ,1.48866E+18,en,0,0,0,0,Twitter for iPad,Witnesses: Elderly Palestinian who died after Israeli detention lay motionless as soldiers looked on - Israel News - https://t.co/Vn5ZUPl1Ok https://t.co/WtSnoTNvRn
1.16599E+18,2022-02-01 23:54:07+00:00, ,1.48866E+18,en,1,1,0,0,Twitter for Android,*&amp; one of the elders said to me!*â€œWeep no more!*behold!*the Lion of the tribe of Judah!*the Root of David!*has conquered!*so that he can open the scroll*&amp; its seven seals!â€ğŸ‘‘â™¥ğŸ‘‘â™¥ğŸ‘‘â™¥ğŸ‘‘â™¥ğŸ‘‘â™¥ğŸ‘‘*Revelation 5:5*ğŸ§ğŸ¬ğŸ¦‰ğŸ’ƒğŸ½ğŸ•ğŸ¦ğŸ•ºğŸˆğŸ„ğŸ’–ğŸªğŸâœ¨ğŸ‘‰â¡ https://t.co/i7TJK6YCqT https://t.co/U5yiJ1DaBX
1.31838E+18,2022-02-01 23:54:02+00:00, ,1.48866E+18,en,0,0,0,0,Twitter for iPhone,"01/21/2022 Funeral Director in UK said current soaring deaths confirmed the predicted fears by the professionals. The death number is ever-growing, particularly of thrombosis case. The deaths are not just the elderly. There are people in their 20s, 30s https://t.co/kBfUakDdbk"
161907408,2022-02-01 23:53:46+00:00, ,1.48866E+18,en,0,0,0,0,Twitter for iPhone,Why would someone who doesâ€™t take care of themselves by refusing to take basic precautions during a deadly pandemic to receive such gift? No matter your seniority on the list if you cant take care of yourself than than the organ should go to someone else and not be wasted. https://t.co/2ObaIzjJgQ
1.31683E+18,2022-02-01 23:53:45+00:00, ,1.48866E+18,en,0,0,0,0,Twitter for Android,"@Elder_NFT LIKE,RETWEET,FOLLOW WILL FB!!

SGOX Is a fully doxxed end to end rapidly growing ecosystem with It's own SporteMarketplace for NFTS and will even have It's own stable coinğŸ’¯ğŸ”¥
@sportemongo @metaraceworld @LibertyOneSC 
#NFTCommunity #gaming #Metaverse #DeFi #BSCGem #crypto ğŸğŸ¤–ğŸ¦® https://t.co/GbIuIIqfqE"
138125551,2022-02-01 23:53:45+00:00, ,1.48866E+18,en,7,0,1,1,Twitter Web App,The Internet Elders have spoken. https://t.co/EewumJx79V
2200537130,2022-02-01 23:53:44+00:00, ,1.48866E+18,en,3,0,0,0,Twitter for Mac,"#Publichealth should protect the most vulnerable. One example of this in practice - how the National Ambient Air Quality Standards are set w/ consideration for older adults, children, and people with asthma. I am weary of ableist takes that do not protect most vulnerable. https://t.co/J2yVrt1kdn"
1728293275,2022-02-01 23:53:40+00:00, ,1.48866E+18,en,1,0,0,0,Twitter for iPhone,"@vivamjm I have some great anecdotes about North Weald none of which I can relate because Twitter. One of them concerns a Catalina and two elderly gentlemen recognising each other as having served together as aircrew on the same wartime squadron 50 years previously. 
It was emotional."
7.84781E+17,2022-02-01 23:53:31+00:00, ,1.48866E+18,en,0,0,0,0,Twitter Web App,@DanRather @MalcolmNance Those things are unimportant to Republicans or they would have supported BBB which was inclusive of many of those needed social programs.  Apparently you're a communist if you want care for children &amp; the elderly in America?
1.16599E+18,2022-02-01 23:53:31+00:00, ,1.48866E+18,en,0,1,0,0,Twitter for Android,*&amp; one of the elders said to me!*â€œWeep no more!*behold!*the Lion of the tribe of Judah!*the Root of David!*has conquered!*so that he can open the scroll*&amp; its seven seals!â€ğŸ‘‘â™¥ğŸ‘‘â™¥ğŸ‘‘â™¥ğŸ‘‘â™¥ğŸ‘‘â™¥ğŸ‘‘*Revelation 5:5*ğŸ§ğŸ¬ğŸ¦‰ğŸ’ƒğŸ½ğŸ•ğŸ¦ğŸ•ºğŸˆğŸ„ğŸ’–ğŸªğŸâœ¨ğŸ‘‰â¡ https://t.co/4Jrm8UY0LP https://t.co/lF1NjNo6Oe
1.42815E+18,2022-02-01 23:53:28+00:00, ,1.48866E+18,en,0,0,1,0,Twitter Web App,I don't trust a church with an elder board. Episcopacy is the way to go! https://t.co/aOle3oqEcz
1.29321E+18,2022-02-01 23:53:23+00:00, ,1.48866E+18,en,0,0,0,0,Twitter for Android,"@bunarium You bunnies be good, respect your elders."
1.36428E+18,2022-02-01 23:53:22+00:00, ,1.48866E+18,en,1,0,1,0,Twitter for iPhone,@G0DLYSINNER You are elderly. Actually elderly.
980423408,2022-02-01 23:53:21+00:00, ,1.48866E+18,en,0,0,0,0,Twitter for Android,@SojiroTenken @Rharnick @RichLowry I think it's funny that so many people got conned into thinking that the vast maj of deaths are from the unvaxxed.  The elderly are 98.5% vaxxed and still make up the maj of deaths.  Then comes to 50-64 ages.  Vast majority of those deaths health was maj factor.  Not vax status
1.48357E+18,2022-02-01 23:53:20+00:00, ,1.48866E+18,en,0,0,1,0,Twitter Web App,"@brOrayn @Theophite I feel your pain. I went through denial, anger, and bargaining over the years, and a long period of depression. I have made peace. I am wearing masks inside my own home (to save my elderly relatives) until things get better. At this point, we can act locally."
1.36142E+18,2022-02-01 23:53:15+00:00, ,1.48866E+18,en,0,0,1,0,Twitter Web App,"@ptrdo @Bouli21 @CaldronPool So we banning the elderly, obese and immunodeficient too?"
1.47713E+18,2022-02-01 23:52:57+00:00, ,1.48866E+18,en,0,0,0,0,Twitter for iPad,"@RealCandaceO @SpeakerPelosi You know the Pelosi led Democrats keep pushing he story that black people donâ€™t know how to get an ID because they cannot run a computer,all people today from small children to older adults have smart phones anyone able to handle a phone can handle a computer!!!"
69181162,2022-02-01 23:52:57+00:00, ,1.48866E+18,en,1,0,1,0,Twitter for iPad,"@jpfitz That is one of the motivations for creating AI, elder care. I wonder if we have an alternative to creating thinking machines?"
1601359999,2022-02-01 23:52:52+00:00, ,1.48866E+18,en,0,0,0,0,Twitter,"Israel punishes officers in death of elderly Palestinian man - https://t.co/U0Ewltb53y

#News https://t.co/BA3gxawc8f"
124640597,2022-02-01 23:52:51+00:00, ,1.48866E+18,en,0,0,0,0,DJ O'kay for 234Radio,"Israel punishes officers in death of elderly Palestinian man - https://t.co/cx5W4T0DsQ

#News https://t.co/4Ljz1Za38s"
99409461,2022-02-01 23:52:46+00:00, ,1.48866E+18,en,0,0,0,0,Twitter for iPhone,"@haveaconcern repeatedly.the elderly has been taxed , when they earned their money when they spend if and they pay property taxes for schools their whole lives ."
2548150465,2022-02-01 23:52:40+00:00, ,1.48866E+18,en,0,0,0,0,Twitter Web App,"@DelaKram75 I'd need to see some really extenuating circumstances to have even one family member of the pastor on the elder board.
It's good for tenure, but not accountability."
1.03682E+18,2022-02-01 23:52:37+00:00, ,1.48866E+18,en,2,0,0,2,Twitter Web App,The craven disregard for thousands of senior citizens who died in LTCs has been THE most chilling and frightening part of the pandemic. The callous disregard for elderly and disabled persons tells us that human life is not valued unless one is young and paying payroll taxes. https://t.co/Y6CEnlH6T2
109503991,2022-02-01 23:52:34+00:00, ,1.48866E+18,en,4,0,1,2,Twitter for iPhone,"@charliekirk11 Given that the blood brain barrier in children under the age of 3 (and in the elderly as well) they should never be given this drug, in my opinion. 
The spike proteins from the vaccine, have been shown to be present in the brain, where it can cause all kinds of issues."
2198817853,2022-02-01 23:52:11+00:00, ,1.48866E+18,en,1,0,0,0,Twitter Web App,"@seanonolennon You help taking care of your elderly mother, you are being responsible &amp; nobody should begrudge anyone for doing that. I certainly don't. But I respect the reasoned skepticism."
1.41507E+18,2022-02-01 23:51:54+00:00, ,1.48866E+18,en,1,0,1,0,Twitter for iPhone,"@ajlawauthor Apparently most of my books would be appropriate for 12 year olds or olderâ€¦
I honestly thought I was a young adult writer."
1.16599E+18,2022-02-01 23:51:46+00:00, ,1.48866E+18,en,0,1,0,0,Twitter for Android,"*~*The Scroll and the Lamb*~*ğŸ‘‘â™¥ğŸ‘‘â™¥ğŸ‘‘
*&amp; one of the elders said to me!*â€œWeep no more!*behold!*the Lion of the tribe of Judah!*the Root of David!*has conquered!*so that he can open the scroll*&amp;its seven seals!â€ğŸ‘‘â™¥ğŸ‘‘â™¥ğŸ‘‘â™¥ğŸ‘‘â™¥ğŸ‘‘â™¥ğŸ‘‘*Revelation 5:5*ğŸ§ğŸ¬ğŸ¦‰ğŸ’ƒğŸ½ğŸ•ğŸ¦ğŸ•ºğŸˆğŸ„ğŸ’–ğŸªğŸâœ¨ğŸ‘‰â¡ https://t.co/iC2h2Z5WXX https://t.co/dhVIHpbiGo"
8.12046E+17,2022-02-01 23:51:33+00:00, ,1.48866E+18,en,0,0,0,0,Twitter for iPhone,@Dzghozt Talk about road rage. ğŸ™ˆ Probably just some elderly lady who canâ€™t see above the steering wheel. I canâ€™t really talk though as Iâ€™m a little short myself at 5â€™5â€ ğŸ˜‚ğŸ¤£
1.4738E+18,2022-02-01 23:51:33+00:00, ,1.48866E+18,en,0,0,0,0,Twitter Web App,Israel punishes officers in death of elderly Palestinian man https://t.co/LwUvBIfzxV via @AJEnglish QUR'AN:17:1 - 111
4331485874,2022-02-01 23:51:29+00:00, ,1.48866E+18,en,2,0,0,0,Twitter for iPad,@whaeavee Not good enough.We need to protect our elderly. This makes me very angryğŸ˜¡ğŸ˜¡ğŸ˜¡
1.46869E+18,2022-02-01 23:51:29+00:00, ,1.48866E+18,en,1,0,0,0,Twitter Web App,@GlobalCitizensU All one has to do is read some secret society literature to be black pilled. I suggest people look into the protocols of the Learned Elders of Zion.
1.14513E+18,2022-02-01 23:51:16+00:00, ,1.48866E+18,en,0,0,0,0,Twitter Web App,". ITS GLOOMDALE.

Not Bloomdale.

Another disgusting ugly crowd of ugly obese ppl n ugly elderly ppl in swarms.

#ChangeIsCallingStrong"
363785838,2022-02-01 23:51:09+00:00, ,1.48866E+18,en,24,0,11,0,Twitter for iPhone,T3 today. An elderly Chinese woman. Gave me this as a tip! This job! ğŸ˜‚ https://t.co/8zDSzIVJ1U
1.16599E+18,2022-02-01 23:51:06+00:00, ,1.48866E+18,en,0,1,0,0,Twitter for Android,"*~*The Scroll and the Lamb*~*ğŸ‘‘â™¥ğŸ‘‘â™¥ğŸ‘‘
*&amp; one of the elders said to me!*â€œWeep no more!*behold!*the Lion of the tribe of Judah!*the Root of David!*has conquered!*so that he can open the scroll*&amp;its seven seals!â€ğŸ‘‘â™¥ğŸ‘‘â™¥ğŸ‘‘â™¥ğŸ‘‘â™¥ğŸ‘‘â™¥ğŸ‘‘*Revelation 5:5*ğŸ§ğŸ¬ğŸ¦‰ğŸ’ƒğŸ½ğŸ•ğŸ¦ğŸ•ºğŸˆğŸ„ğŸ’–ğŸªğŸâœ¨ğŸ‘‰â¡ https://t.co/Dk9zg6zNge https://t.co/kX0cAWHbc7"
1.32203E+18,2022-02-01 23:51:03+00:00, ,1.48866E+18,en,0,0,0,0,Twitter for Android,@DEXB0T @CallofDuty Call of Duty: Finest Hour yes I am officially a CoD elder ğŸ‘¨â€ğŸ¦³
176550267,2022-02-01 23:51:01+00:00, ,1.48866E+18,en,0,0,0,0,Twitter for Android,@paulsrkendal @CNN Only when mass shootings happen in venues where only the middle aged and elderly congregate.  They control everything and don't care about children.
459231832,2022-02-01 23:51:01+00:00, ,1.48866E+18,en,3,0,0,0,Twitter for iPhone,"@stephen_b_ellen @Ibu_Ala_Ina98 @SusanSarandon @POTUS Simpin for an elderly rich guy, you might as well be Anna Nicole bruh"
1.22579E+18,2022-02-01 23:50:52+00:00, ,1.48866E+18,en,1,0,1,0,Twitter for iPhone,@tardonkieart Yeah! Want me to send their info your way?? Iâ€™ve gotten one from a diffrent elder BUT Iâ€™m the others are from her. Sheâ€™s got great work and shipping is unbelievably fast
226071652,2022-02-01 23:50:49+00:00, ,1.48866E+18,en,0,0,1,0,Twitter for iPhone,"@lifeofmoe93 @_sarahdavies @cedarsjwsurvey Heâ€™s lying to contributors??? How?? Lmao he is married to them why the fuck do the contributors care about his personal sex life? 

Dude youâ€™re pathetic and itâ€™s insane that youâ€™re trying to monitor him as if you were his elder hahahahha"
1.29908E+18,2022-02-01 23:50:38+00:00, ,1.48866E+18,en,0,0,0,0,Twitter for Android,"The LA Times (that used to be a good paper) is in the pocket of the corrupt CA George Soros funded Democratic party. All you have to do is read the ""black face of white supremacy""articles they published to smear Larry Elder and keep Gavin Newsom in office during the recall. https://t.co/3c0uGDRGDb"
26024547,2022-02-01 23:50:33+00:00, ,1.48866E+18,en,4,0,0,2,Twitter for Android,"Make sure you speak to your elders. They been here before you. They have stories, wisdom, lessons, gems and guidance. No one is too big and bad in their generation. We only here for a moment."
1.26368E+18,2022-02-01 23:50:30+00:00, ,1.48866E+18,en,0,0,0,0,Radio.co now playing,"Now playing: Elder Randall Ogans Sr. &amp; Dorian Ogans - Pass Me Not
Keep it tuned to Spin Awards Radio!
https://t.co/CqlfHKn8Hg"
1.48069E+18,2022-02-01 23:50:27+00:00, ,1.48866E+18,en,0,0,0,0,WordPress.com,Tim Taylor Quotes From House Growth That Have not ElderlyÂ Smartly https://t.co/HNMdfsVlUW
1.16599E+18,2022-02-01 23:50:24+00:00, ,1.48866E+18,en,2,1,0,0,Twitter for Android,"*~*The Scroll and the Lamb*~*ğŸ‘‘â™¥ğŸ‘‘â™¥ğŸ‘‘
*&amp; one of the elders said to me!*â€œWeep no more!*behold!*the Lion of the tribe of Judah!*the Root of David!*has conquered!*so that he can open the scroll*&amp;its seven seals!â€ğŸ‘‘â™¥ğŸ‘‘â™¥ğŸ‘‘â™¥ğŸ‘‘â™¥ğŸ‘‘â™¥ğŸ‘‘*Revelation 5:5*ğŸ§ğŸ¬ğŸ¦‰ğŸ’ƒğŸ½ğŸ•ğŸ¦ğŸ•ºğŸˆğŸ„ğŸ’–ğŸªğŸâœ¨ğŸ‘‰â¡ https://t.co/9vBFbA0UKY https://t.co/EuRtadZJ8s"
11385712,2022-02-01 23:50:23+00:00, ,1.48866E+18,en,0,0,0,0,Twitter for iPhone,"@aclater @emilyabrand As an elder millennial, I think I saw a movie or two on TV and never again"
9.49004E+17,2022-02-01 23:50:03+00:00, ,1.48866E+18,en,0,0,0,0,Twitter Web App,@AlboMP morrison dosnt know what a loaf of bread costs! do you? we elderly unemployed through no fault of ours are exspected to live on $40 a day! could you do that? what are you going to do for us?
223626456,2022-02-01 23:50:01+00:00, ,1.48866E+18,en,0,0,0,0,Hootsuite Inc.,"RT @TNDeptofHealth: Suicide can affect all people regardless of ethnicity, age or gender. However, suicide rates are highest among older adults. Check in on loved ones, take time to talk to them and dispose of out-of-date medications to #preventsuicide. https://t.co/yRgL5HBbpO"
9.99014E+17,2022-02-01 23:49:59+00:00, ,1.48866E+18,en,0,0,0,0,Big Trouble in Little Timaresh,Your hair collapses into warm tendrils of stinking elder gods.
1320609462,2022-02-01 23:49:56+00:00, ,1.48866E+18,en,2,0,1,2,Twitter Web App,"The Council's purpose is to prevent &amp; address abuse, neglect, exploitation &amp; fraud against older adults and adults with disabilities. Meetings are public and held quarterly, with the next meeting to be held April 28. https://t.co/qqHtp70H78"
267419502,2022-02-01 23:49:56+00:00, ,1.48866E+18,en,1,0,0,0,Twitter for iPhone,"This is a great opportunity for someone like Mike Tomlin, with his seniority &amp; success, could speak up and really make a difference in this conversation. https://t.co/Crhr4aD1R3"
